﻿Designator,Footprint,Quantity,Value,LCSC Part #
"C1, C2",0603,2,0.1uF,C1591
C3,0603,1,2.2uF,C100082
J1,JST_PH2_SMT,1,Battery_Terminal,C295747
J2,PinPads_1x03_P2.54mm,1,Charger_Connecter,
"J3, J4",Heat_Pad_1.0x1.0mm,2,Conn_01x01,
"R1, R2, R3",0603,3,10K,C15401
SW1,SW_SSSS811101,1,Power_Switch,C109335
U1,IC_ICM-45686,1,ICM-45686,C22459454
U2,QMC6309,1,~,C5439871
U3,Crystal_SMD_3225-4Pin_3.2x2.5mm_Silkscreenfix,1,1532H,C5383164
U4,XIAO-nRF52840-SMD-FixedSilkscreen,1,XIAO-nRF52840-SMD,
